{
    "name": "HTTP Status Codes",
    "values": [
        {
            "type": "int10",
            "value": "100",
            "name": "Continue"
        },
        {
            "type": "int10",
            "value": "101",
            "name": "Switching Protocols"
        },
        {
            "type": "int10",
            "value": "102",
            "name": "Processing (WebDAV; RFC 2518)"
        },
        {
            "type": "int10",
            "value": "103",
            "name": "Early Hints (RFC 8297)"
        },
        {
            "type": "int10",
            "value": "200",
            "name": "OK"
        },
        {
            "type": "int10",
            "value": "201",
            "name": "Created"
        },
        {
            "type": "int10",
            "value": "202",
            "name": "Accepted"
        },
        {
            "type": "int10",
            "value": "203",
            "name": "Non-Authoritative Information (since HTTP/1.1)"
        },
        {
            "type": "int10",
            "value": "204",
            "name": "No Content"
        },
        {
            "type": "int10",
            "value": "205",
            "name": "Reset Content"
        },
        {
            "type": "int10",
            "value": "206",
            "name": "Partial Content (RFC 7233)"
        },
        {
            "type": "int10",
            "value": "207",
            "name": "Multi-Status (WebDAV; RFC 4918)"
        },
        {
            "type": "int10",
            "value": "208",
            "name": "Already Reported (WebDAV; RFC 5842)"
        },
        {
            "type": "int10",
            "value": "226",
            "name": "IM Used (RFC 3229)"
        },
        {
            "type": "int10",
            "value": "300",
            "name": "Multiple Choices"
        },
        {
            "type": "int10",
            "value": "301",
            "name": "Moved Permanently"
        },
        {
            "type": "int10",
            "value": "302",
            "name": "Found (Previously \"Moved temporarily\")"
        },
        {
            "type": "int10",
            "value": "303",
            "name": "See Other (since HTTP/1.1)"
        },
        {
            "type": "int10",
            "value": "304",
            "name": "Not Modified (RFC 7232)"
        },
        {
            "type": "int10",
            "value": "305",
            "name": "Use Proxy (since HTTP/1.1)"
        },
        {
            "type": "int10",
            "value": "306",
            "name": "Switch Proxy"
        },
        {
            "type": "int10",
            "value": "307",
            "name": "Temporary Redirect (since HTTP/1.1)"
        },
        {
            "type": "int10",
            "value": "308",
            "name": "Permanent Redirect (RFC 7538)"
        },
        {
            "type": "int10",
            "value": "400",
            "name": "Bad Request"
        },
        {
            "type": "int10",
            "value": "401",
            "name": "Unauthorized (RFC 7235)"
        },
        {
            "type": "int10",
            "value": "402",
            "name": "Payment Required"
        },
        {
            "type": "int10",
            "value": "403",
            "name": "Forbidden"
        },
        {
            "type": "int10",
            "value": "404",
            "name": "Not Found"
        },
        {
            "type": "int10",
            "value": "405",
            "name": "Method Not Allowed"
        },
        {
            "type": "int10",
            "value": "406",
            "name": "Not Acceptable"
        },
        {
            "type": "int10",
            "value": "407",
            "name": "Proxy Authentication Required (RFC 7235)"
        },
        {
            "type": "int10",
            "value": "408",
            "name": "Request Timeout"
        },
        {
            "type": "int10",
            "value": "409",
            "name": "Conflict"
        },
        {
            "type": "int10",
            "value": "410",
            "name": "Gone"
        },
        {
            "type": "int10",
            "value": "411",
            "name": "Length Required"
        },
        {
            "type": "int10",
            "value": "412",
            "name": "Precondition Failed (RFC 7232)"
        },
        {
            "type": "int10",
            "value": "413",
            "name": "Payload Too Large (RFC 7231)"
        },
        {
            "type": "int10",
            "value": "414",
            "name": "URI Too Long (RFC 7231)"
        },
        {
            "type": "int10",
            "value": "415",
            "name": "Unsupported Media Type (RFC 7231)"
        },
        {
            "type": "int10",
            "value": "416",
            "name": "Range Not Satisfiable (RFC 7233)"
        },
        {
            "type": "int10",
            "value": "417",
            "name": "Expectation Failed"
        },
        {
            "type": "int10",
            "value": "418",
            "name": "I'm a teapot (RFC 2324, RFC 7168)"
        },
        {
            "type": "int10",
            "value": "421",
            "name": "Misdirected Request (RFC 7540)"
        },
        {
            "type": "int10",
            "value": "422",
            "name": "Unprocessable Entity (WebDAV; RFC 4918)"
        },
        {
            "type": "int10",
            "value": "424",
            "name": "Failed Dependency (WebDAV; RFC 4918)"
        },
        {
            "type": "int10",
            "value": "425",
            "name": "Too Early (RFC 8470)"
        },
        {
            "type": "int10",
            "value": "426",
            "name": "Upgrade Required"
        },
        {
            "type": "int10",
            "value": "428",
            "name": "Precondition Required (RFC 6585)"
        },
        {
            "type": "int10",
            "value": "429",
            "name": "Too Many Requests (RFC 6585)"
        },
        {
            "type": "int10",
            "value": "431",
            "name": "Request Header Fields Too Large (RFC 6585)"
        },
        {
            "type": "int10",
            "value": "451",
            "name": "Unavailable For Legal Reasons (RFC 7725)"
        },
        {
            "type": "int10",
            "value": "500",
            "name": "Internal Server Error"
        },
        {
            "type": "int10",
            "value": "501",
            "name": "Not Implemented"
        },
        {
            "type": "int10",
            "value": "502",
            "name": "Bad Gateway"
        },
        {
            "type": "int10",
            "value": "503",
            "name": "Service Unavailable"
        },
        {
            "type": "int10",
            "value": "504",
            "name": "Gateway Timeout"
        },
        {
            "type": "int10",
            "value": "505",
            "name": "HTTP Version Not Supported"
        },
        {
            "type": "int10",
            "value": "506",
            "name": "Variant Also Negotiates (RFC 2295)"
        },
        {
            "type": "int10",
            "value": "507",
            "name": "Insufficient Storage (WebDAV; RFC 4918)"
        },
        {
            "type": "int10",
            "value": "508",
            "name": "Loop Detected (WebDAV; RFC 5842)"
        },
        {
            "type": "int10",
            "value": "510",
            "name": "Not Extended (RFC 2774)"
        },
        {
            "type": "int10",
            "value": "511",
            "name": "Network Authentication Required (RFC 6585)"
        }
    ]
}